trial_number,best_value,dropout_rate,learning_rate,lr_decay,p_aug
0.0,0.5208702014684681,0.19766658739990206,7.838309010294939e-05,3042.853484170514,0.3860511559640937
1.0,0.8770824000835418,0.4483613381228802,1.5593678226606717e-05,978.6016958814416,0.3421322049678698
2.0,0.49664212584495554,0.28372085267008224,0.000139858235425835,487.69786103539855,0.4352480426589457
3.0,0.4097146475911141,0.15933750607957392,0.0015813659320422734,54.49530473090756,0.3407176620353867
4.0,0.48621973097324384,0.4868565270124373,0.0013060368682432208,22.605794583260398,0.19871257451988555
6.0,0.48251500773429884,0.3048309723025789,0.000724390150789047,92.09657372801891,0.25972675814926355
